<?xml version="1.0" encoding="UTF-8"?>
<project-private xmlns="http://www.netbeans.org/ns/project-private/1">
    <editor-bookmarks xmlns="http://www.netbeans.org/ns/editor-bookmarks/2" lastBookmarkId="0"/>
    <open-files xmlns="http://www.netbeans.org/ns/projectui-open-files/2">
        <group>
            <file>file:/D:/KY_4/SE1820_PRJ301/GiHub_PRJ301/PRJ301/Workshop01/web/dashboard.jsp</file>
            <file>file:/D:/KY_4/SE1820_PRJ301/GiHub_PRJ301/PRJ301/Workshop01/src/java/controller/MainController.java</file>
        </group>
    </open-files>
</project-private>
